{"cameraMode":{"drawMode":0,"name":"Shaded","section":"Shading Mode"},"sceneLighting":true,"audioPlay":false,"sceneViewState":{"showFog":true,"showMaterialUpdate":true,"showSkybox":true,"showFlares":true,"showImageEffects":true,"showParticleSystems":true},"in2DMode":false,"pivot":{"x":1.971078872680664,"y":-5.699394226074219,"z":13.14071273803711},"rotation":{"x":0.40406671166419985,"y":0.5782427191734314,"z":-0.4017799496650696,"w":0.5846153497695923},"size":36.99504089355469,"orthographic":false}