{"cameraMode":{"drawMode":0,"name":"Shaded","section":"Shading Mode"},"sceneLighting":true,"audioPlay":false,"sceneViewState":{"showFog":true,"showMaterialUpdate":true,"showSkybox":true,"showFlares":true,"showImageEffects":true,"showParticleSystems":true},"in2DMode":false,"pivot":{"x":-3.600989580154419,"y":-26.346532821655275,"z":36.95747756958008},"rotation":{"x":0.3366483449935913,"y":-0.040475137531757358,"z":0.013699160888791085,"w":0.9411107897758484},"size":56.75764846801758,"orthographic":false}