{"cameraMode":{"drawMode":0,"name":"Shaded","section":"Shading Mode"},"sceneLighting":true,"audioPlay":false,"sceneViewState":{"showFog":true,"showMaterialUpdate":true,"showSkybox":true,"showFlares":true,"showImageEffects":true,"showParticleSystems":true},"in2DMode":false,"pivot":{"x":-56.75546646118164,"y":-44.72175216674805,"z":-71.8641357421875},"rotation":{"x":0.06376819312572479,"y":-0.9409067034721375,"z":0.18798945844173432,"w":0.27813443541526797},"size":132.0385284423828,"orthographic":false}