{"cameraMode":{"drawMode":0,"name":"Shaded","section":"Shading Mode"},"sceneLighting":true,"audioPlay":false,"sceneViewState":{"showFog":true,"showMaterialUpdate":true,"showSkybox":true,"showFlares":true,"showImageEffects":true,"showParticleSystems":true},"in2DMode":false,"pivot":{"x":43.04890060424805,"y":-18.040536880493165,"z":3.299407958984375},"rotation":{"x":0.1862664818763733,"y":0.6626383662223816,"z":-0.1766410768032074,"w":0.704164445400238},"size":56.75764846801758,"orthographic":false}