{"cameraMode":{"drawMode":0,"name":"Shaded","section":"Shading Mode"},"sceneLighting":true,"audioPlay":false,"sceneViewState":{"showFog":true,"showMaterialUpdate":true,"showSkybox":true,"showFlares":true,"showImageEffects":true,"showParticleSystems":true},"in2DMode":false,"pivot":{"x":-22.244911193847658,"y":-83.11325073242188,"z":103.76571655273438},"rotation":{"x":0.3603086769580841,"y":-0.07352292537689209,"z":0.023047134280204774,"w":0.9306703209877014},"size":133.1134796142578,"orthographic":false}